form	flagged	total	fraction
OPNAV9094-10 - Engineering Trial Report (gas Turbine Driven Ships)	479	479	1.00
OPNAV5216-102 - Postal Register Record	23	23	1.00
OPNAV5100-2 - Navosg Deficiency Notice	20	20	1.00
OPNAV1211-3 - Subspecialty Billet Request	19	19	1.00
NAVPERS1770-8 - Authorization For Disclosure Of Information	17	17	1.00
NAVMCHQ737-02 - Aviation Safety Unit Award (sample Format)	5	5	1.00
NAVMC11624 - Water Survival Basic Block Training Records	3	3	1.00
NAVMCHQ631 - Certificate - Transfer To Temporary Disability Retired List (format)	3	3	1.00
NAVMCHQ734 - Navy-Marine Corps Scholarship Certificate Nrotc Program (format)	3	3	1.00
NAVMCHQ807 - Child Development Training Program Certificate	3	3	1.00
NAVPERS1306-101 - NAVY Drug And Alcohol Counselor School Interview	1	1	1.00
NAVMC10968 - Ndr Report Interpretation And Clarification Checklist	13	14	0.93
OPNAV4790-85 - Maintenance Index Page (mip) Cont	64	70	0.91
OPNAV4790-84 - Maintenance Index Page (mip)	64	74	0.86
NAVMC11638 - Wounded Warrior Housing Inspection Checklist	159	185	0.86
NAVPERS12500-2 - Npc Timekeeping Unit	220	265	0.83
OPNAV4790-111 - Aircraft Inventory Record - Equipment List	28	35	0.80
NAVMCHQ344 - Research Material Loan Record	14	18	0.78
NAVMCHQ806 - Child Development Training Certificate (module)	3	4	0.75
NAVMCHQ029 - Reference Service Log	13	18	0.72
NAVMC11601 - Request For Environmental Impact Review	43	60	0.72
OPNAV5580-1C - Incident Report Addendum-ComplaintWitnessSponsor	74	107	0.69
NAVMC11358 - Reports Inventory	46	73	0.63
NAVPERS1610-5 - Fitness Report  Counseling Record (0708)	86	137	0.63
NAVMC11687 - Medical Record Review	18	29	0.62
OPNAV4790-177 - Ifols Mk13 Mod 0 Pole Check Data	18	29	0.62
NAVMC11508 - Officer Candidate (30-Days) Pre-Ship Checklist	109	177	0.62
NAVMC11639 - Risk Factor Worksheet	26	45	0.58
NAVPERS1050-3 - Appellate Leave Statement Of Understanding	16	28	0.57
NAVMC11672 - Marine Corps Telework Agreement Safety Checklist	12	21	0.57
OPNAV5102-4 - Safetygram	5	9	0.56
OPNAV4790-74A - Mobile Facility Inventory Record - Equipment List	16	29	0.55
OPNAV4790-112 - Aircraft Inventory Record Shortages	6	11	0.55
NAVPERS1800-13 - Questionnaire For Applicants For Retired Pay	18	34	0.53
OPNAV5510-23 - Report Of Finding Security Violation	32	61	0.52
NAVMC11667 - Reserve Non-Pay Service Initial Orientation Checklist	38	76	0.50
OPNAV5305-5 - Thompson-Ravitz Unit Award Entry Form	21	42	0.50
NAVMC11677 - Cumulative Active Duty Service Statement	4	8	0.50
NAVPERS1616-27 - Evaluation  Counseling Record (e7-E9)	52	107	0.49
NAVMCHQ956 - Security Services	25	52	0.48
NAVMC538 - Certificate Of Proof Of Citizenship Of Foreign Born Applicants For Enlistment	19	40	0.47
NAVPERS1910-33 - Early Career Transition Program (ectp) Reserve Affiliation Screening Checklist	24	52	0.46
OPNAV4780-3 - Report Of Service Craft Material Inspection	327	713	0.46
NAVPERS1616-26 - Evaluation Rpt  Counseling Record (e1-E6)	52	114	0.46
NAVMC11681 - Intial Notification	10	22	0.45
OPNAV5100-11 - NAVY Employee Report Of UnsafeUnheathly Working Conditions	10	22	0.45
NAVMCHQ959 - Special Act And On The Spot Cash Award Nomination	13	29	0.45
NAVPERS1320-16 - Temp Additional Duty (temadd) Travel Order	19	43	0.44
OPNAV5580-12 - Department Of The NAVY Vehicle Report	68	158	0.43
OPNAV4790-13 - Cycle Pms Schedule (conventional)	8	19	0.42
NAVMCHQ846 - Forms Usage Information	40	100	0.40
OPNAV5040-2 - Implementation Status Rpt	4	10	0.40
OPNAV1500-39 - NAVY Training Feedback System Form	32	81	0.40
OPNAV5100-9 - Medical Referal	14	36	0.39
NAVPERS1306-97 - Reserve Affiliation Screening Checklist And Contact Information Sheet	26	68	0.38
NAVMC11661 - Mmsb Record Request	8	21	0.38
NAVPERS5350-3 - Dapa Admin Screening Form	103	273	0.38
OPNAV4790-34 - Required Reading  Maintenance Information Record	10	27	0.37
NAVMC11121 - USMC Physical Security-Crime Prevention Survey	7	19	0.37
NAVMCHQ837 - Transmittal Of Record Or Information	7	19	0.37
OPNAV4790-162 - Alre Quality Assurance Inspector RecommendationDesignation	13	36	0.36
NAVMCHQ960 - Time Off Award Nominations	9	25	0.36
OPNAV5580-1E - Incident Report Addendum - SuspectArrestee	54	151	0.36
OPNAV5580-1F - Incident Report Addendum - Offense	30	87	0.34
NAVMC11504 - Academic Certificate For The Smcr Enlisted Commissioning Program	9	27	0.33
NAVMCHQ963 - Nomination For An Organization-Team Achievement	6	18	0.33
NAVMC11885 - Service Agreement (1100) Service Academy Student Naval Aviator	2	6	0.33
OPNAV5580-1B - Incident Report Addendum - Narrative	2	6	0.33
NAVMC11209 - Instructors Course Record	21	64	0.33
NAVMC11511 - Inspector General Of The Marine Corps Complaint Form	8	25	0.32
OPNAV5370-1 - Gifts Of Travel From Non-Federal Sources Worksheet	12	38	0.32
NAVPERS1070-887 - Sex Offense Accountability Record	5	16	0.31
NAVMC11863 - Relocation Assistance Program Lending Locker Agreement	11	36	0.31
OPNAV3130-23 - Aviation Rescue Swimmer Practical Training Waiver	3	10	0.30
OPNAV3130-24 - Sar Medical Technicial Practical Training Waiver	3	10	0.30
NAVPERS1740-6 - Department Of The NAVY Family Care Certificate	14	47	0.30
NAVMC11734 - Annual Training Documentation	20	68	0.29
NAVMC11647 - Universal Order	22	75	0.29
NAVMCHQ962 - Nomination For An Extraordinary Performance Recognition Award	10	35	0.29
OPNAV5580-15 - Department Of The NAVY Forensic Examination Request	7	25	0.28
OPNAV5511-27 - BriefingRebriefingDebriefing Certificate	10	37	0.27
NAVMC11632 - Emergency Response Drill	31	123	0.25
OPNAV5216-158 - Routine Reply Endorsement Transmittal Or Information Sheet	14	56	0.25
OPNAV5211-12 - General Purpose Act Statement	2	8	0.25
NAVMC11600 - Marksmanship Parental Permission	1	4	0.25
OPNAV4790-45(ELE) - Document Control Form	14	59	0.24
OPNAV5580-1A - Department Of The NAVY Traffic Accident Report (supplement To IncidentComplaint Report)	73	312	0.23
NAVMC11503 - Request For Exemption (rfe)	3	13	0.23
NAVMC11795 - Organizational Maintenance Activity Alims Checklist	14	63	0.22
OPNAV3130-25 - Surface Rescue Swimmer Practical Training Waiver	2	9	0.22
OPNAV1500-54 - Deliberate Risk Assessment	7	32	0.22
NAVMC11803 - Computation Of Traverse Closure And Adjustment	6	29	0.21
NAVPERS1300-26 - Coastal Riverine Force Training	15	73	0.21
OPNAV5119-8 - Ashore Oconus Weekly Inspection Checklist	46	229	0.20
NAVMC11622 - PFT-CFT Performance Worksheet	6	30	0.20
NAVPERS5370-1 - Hotline Complaint Form	6	30	0.20
OPNAV12600-1 - Nv11 Remote Work Agreement	5	25	0.20
NAVMC799 - Equivalent Instruction Report	3	15	0.20
OPNAV4790-135 - Module Service Record	25	129	0.19
NAVMCHQ958 - Request For Statement Of Service Case Of	6	31	0.19
NAVMC11901 - Prospective Fsmao - Analyst Worksheet	9	47	0.19
NAVMC11629 - Emergency Response Guideline Checklist	4	21	0.19
OPNAV3750-68 - Wamhrs FactorsRecommendationCos Comments Special Factor	3	16	0.19
OPNAV12330-4 - Merit Promotion Certificate Extension Request	3	17	0.18
NAVMC11620 - MAP Evaluation	11	66	0.17
OPNAV1770-1 - Consent To Release Personal Information	2	12	0.17
NAVPERS1070-613 - Administrative Remarks	2	12	0.17
NAVMC10461 - Service Agreement (1100) Platoon Leaders Class Student Naval Aviator	1	6	0.17
NAVMC10463 - Service Agreement (1100) Officer Candidate Class Student Naval Aviator	1	6	0.17
NAVMC11729 - Service Agreement (1100) - Platoon Leaders Class (law) 3l	1	6	0.17
NAVMC11873 - Service Agreement (1100) Enlisted Commissioning Program Student Naval Aviator	1	6	0.17
NAVMC11874 - Service Agreement - Enlisted Commissioning Program Student Naval Flight Officer	1	6	0.17
NAVMC11875 - Service Agreement - Reserve Enlisted Commissiioning Program - Ground	1	6	0.17
NAVMC11876 - Service Agreement - Meritorious Commissioning Program - Reserve Ground	1	6	0.17
NAVMC11880 - Service Agreement (1100) Marine Option Naval Reserve Officers Training Corps Ground	1	6	0.17
NAVMC11886 - Service Agreement - Service Academy Student Naval Flight Officer	1	6	0.17
NAVPERS1650-1 - Department Of The NAVY Good Conduct Award	1	6	0.17
NAVPERS6110-12 - Official Cft Score Sheet	1	6	0.17
OPNAV5102-7 - Log Of NAVY Injuries  Occupational Illnesses	34	206	0.17
NAVPERS1306-96 - Recruit Division Commander Screening	18	112	0.16
OPNAV5200-7 - Request For Information Services (ris)	6	38	0.16
OPNAV2300-4 - Pentagon Consolidated Telecommunication Center Authorization For Pickup And Delivery	3	19	0.16
NAVMC10047 - Audiovisual Material Transmittal Work Request	7	45	0.16
NAVMC11675A - USMC Tri-Annual Review	2	13	0.15
OPNAV4790-163 - Alre Tool Control Inventory Sheet	2	13	0.15
NAVPERS12300-22 - Student Loan Repayment Service Agreement	2	13	0.15
NAVMC11197 - Law Enforcement Abd Physical Security Activities	85	554	0.15
NAVMC10231A - Reserve Career Planning Contact Record	10	67	0.15
NAVMCHQ335 - Hqmc Route Sheet (word Format)	36	251	0.14
OPNAV5510-21 - Security Container Records Form	8	56	0.14
OPNAV5300-8 - Opnav Staff Mentee Profile	2	14	0.14
OPNAV5300-9 - Opnav Staff Mentor Profile	2	14	0.14
NAVMC11808 - Computation Of Artillery Astronomic Observations	5	36	0.14
OPNAV5521-450 - Opnav N3ips Rsac Vtc Request	8	58	0.14
OPNAV5720-11 - Distinguished Visitor (dv)Friends Of The NAVY (fon) Embark Request	13	97	0.13
OPNAV3120-5 - Safety Hazard Report	4	30	0.13
NAVMC11668 - Statement Of Understanding - Waiver Of Sanctuary	2	15	0.13
NAVMC11810 - Computation Of Horizontal Distance From Subtense	2	15	0.13
NAVMC11895 - USMC Sports Application	10	76	0.13
NAVMC11864 - Relocation Assistance Program Individual Relocation Plan	9	69	0.13
NAVPERS1210-9 - Prospective Naval Special Warfare Officer Data Card	6	46	0.13
NAVMCHQ961 - Nomination For An Informal Hqmc Incentive Award	3	23	0.13
OPNAV4790-113 - Equipment History Record (ehr) Card	20	154	0.13
NAVMC11280 - Application For Assignment As A Career Recruiter	4	32	0.12
NAVPERS1070-120 - Request For Change To Permanent Personnel Record	2	16	0.12
NAVPERS1770-11 - Suicide Prevention Coordinator Training Registration	1	8	0.12
OPNAV5210-79 - Opnav Records File Plan	4	33	0.12
NAVMC11621 - BCP Evaluation	9	76	0.12
OPNAV5420-4 - Forum Request And Summary Report	4	34	0.12
OPNAV5090-4 - Preliminary Impact And Exposure Report (pier)	7	61	0.11
OPNAV5270-1 - Request For Enterprise Information Management Services	7	61	0.11
OPNAV5216-10PDF - CorrespondenceMaterial Cntl (4 Part)	4	35	0.11
NAVMC11773 - Training Command Unfunded Training Requirement Request	8	71	0.11
NAVPERS1300-25 - Voluntary Waiver Acknowledgement (vwa) For Mobilizing On Active Duty	2	18	0.11
NAVMC10245 - Equipment Repair Order (ero)	13	120	0.11
OPNAV4790-14 - Quarterly Pms Schedule (conventional)	4	37	0.11
OPNAV1500-57 - NAVY Credentialing Program Professional Certification And Licensing Voucher	8	76	0.11
NAVMC11751 - Authorization To Order Marine Corps Personnel Files	2	19	0.11
OPNAV7200-1 - Routine Acute MedicalDental Request Saos And Daos	2	19	0.11
NAVMC11753 - Commanders Financial Screening Worksheet (active Reserve Applicant)	7	67	0.10
NAVMC11386 - Personnel Screening For Arms Ammunition And Explosives (aae)	5	48	0.10
NAVPERS1752-1 - Sexual Assault Disposition Report	5	48	0.10
OPNAV4790-66 - Tech Publications Deficiency Rpt	3	29	0.10
NAVMCHQ207 - Referral Slip	3	30	0.10
NAVMCHQ512 - Classified Information Access Authorization	3	30	0.10
OPNAV12600-2 - Application To Restore Annual Leave	3	30	0.10
OPNAV12600-3 - Paid Parental Leave Request	3	30	0.10
NAVPERS6110-10 - Offical Bca Score Sheet	2	20	0.10
OPNAV4790-160 - Acft Launch  Recovery Equip (alre) Maint Action (for Snap I Omms)	10	107	0.09
NAVMC11650 - Alternative Work Schedule Request	4	43	0.09
OPNAV5512-10 - NAVY Command Center Access Request	5	54	0.09
NAVMC11580 - Enlisted Professional Military Education (epme) Command Screening Checklist	8	88	0.09
NAVMC11115 - Authorization For Advance Dependent Travel And-Or Dislocation Allowance	2	22	0.09
NAVMC11628 - Marcor Instructor Of Water Survival Recertification Requirements	2	22	0.09
OPNAV5100-25 - Working In Vertical Trunk Check Sheet (for Ships)	2	22	0.09
OPNAV5580-1G - Incident Report Addendum - Property	2	22	0.09
OPNAV5580-7 - InterviewInterrogation Log	2	22	0.09
NAVMC11654 - Unit Personal And Family Readiness Program Contact Authorization	5	56	0.09
OPNAV9094-1A - Engineering Trial Report Transmittal Ltr	3	34	0.09
OPNAV5580-11 - Department Of The NAVY Complaint Of Stolen Motor Vehicle	4	46	0.09
OPNAV5100-26 - Working Over The Side Check Sheet (for Submarines)	2	23	0.09
NAVPERS7421-1 - OvertimeCompensation Time Authorization Request	2	23	0.09
NAVMC11896 - Operational Risk Assessment Worksheet (oraw)	3	35	0.09
OPNAV1070-3 - NAVY Judge Advocate Generals Corps InternshipExternship Program Application	14	164	0.09
OPNAV5112-2 - Cash And Stamp Stock Count And Summary	42	497	0.08
OPNAV5512-2 - Form	8	96	0.08
NAVMCHQ942 - Directives Program Coordination Record	5	60	0.08
OPNAV12000-3 - Work Schedule Request	5	60	0.08
OPNAV5580-8 - Telephonic Threat Complaint	4	48	0.08
NAVMC11630 - Water Survival Indident Report	2	24	0.08
OPNAV5100-19 - Hazard Abatement Project Request Form	2	24	0.08
OPNAV5100-24 - Working Over The Side Check Sheet (for Ships)	2	24	0.08
OPNAV5100-29 - Application For Recertification As A NAVY Gas Free Engineer	2	24	0.08
NAVPERS5300-14 - Request For Non-Appropriated Fund (naf) Personnel Folder (seperated Employee)	1	12	0.08
NAVMC11297 - USMC Fitness Report Standard Addendum Page	4	49	0.08
OPNAV5900-3 - Opnav Service Request	4	49	0.08
NAVMC11809 - Computation Of Hasty Astronomic Observations	2	25	0.08
OPNAV5210-78 - Opnav Records Inventory	2	25	0.08
OPNAV4790-106A - Assembley Service Record	6	78	0.08
NAVMC118(13) - Record Of Conviction By Court-Martial	2	26	0.08
OPNAV4790-14B - 15-Week Pms Schedule (conventional)	2	26	0.08
OPNAV5420-3 - Cno Committee Management Program Recertification Form	2	26	0.08
NAVPERS1200-1 - Ready Reserve Transfer Request Service Agreement	2	26	0.08
NAVMC11262-2 - Crane Daily Inspection Checklist	1	13	0.08
OPNAV5305-6 - Thompson-Ravitz Unit Award Scoresheet	4	53	0.08
OPNAV5236-1 - Nav-Idas Information Technology Procurement Request	15	199	0.08
NAVPERS1640-11 - Monthly Report Of PrisonersCorrectional Custody Personnel	2	27	0.07
OPNAV1752-3 - Sexual Assault Prevention And Response (sapr) Program Command Assessment Tool	6	83	0.07
OPNAV3750-66 - Wamhrs FactorsRecommendationCos Comments Human Factor	2	28	0.07
NAVMC11666 - New Join Worksheet	7	100	0.07
OPNAV12000-4 - Opnav Exit Survey	3	43	0.07
OPNAV5100-39T - Electrical Mishap Investigation	17	248	0.07
OPNAV4200-4T - Opnav Requirement Review Board (orrb) Input	3	44	0.07
OPNAV5100-28 - Application For Certification As A NAVY Gas Free Engineer	4	59	0.07
NAVPERS1000-4 - Officer Appointment Acceptance And Oath Of Office	4	59	0.07
OPNAV4790-143 - Acft Launch  Recovery Equip (alre) Maint Action Form	24	360	0.07
NAVMCHQ973 - Hqmc Combat Camera (comcam) Audio Visual Waiver	6	90	0.07
NAVMC118(13A) - Supplementary Record Of Conviction By Court-Martial	2	30	0.07
NAVMC11675 - United States Marine Corps Tri-Annual Review	1	15	0.07
OPNAV1001-3 - Operational NAVY Support After-Action Results	1	15	0.07
NAVMC11780 - Chemical Biological Radiological And Nuclear Defense Training Roster  Record Of Attendance	6	93	0.06
OPNAV2110-37 - Request For Change Of Action Or Extended Distribution	2	31	0.06
NAVMC11221 - Reserve Component Benefit Plan	5	80	0.06
NAVMCHQ974 - Hqmc Ardb Directves Management Checklist	1	16	0.06
NAVPERS1330-4 - Secretary Of The NAVY Tours With Industry Program Application	1	16	0.06
NAVPERS6110-11 - Official Prt Score Sheet	1	16	0.06
NAVMCHQ966A - Resource Validation	2	34	0.06
NAVMC11863A - Relocation Assistance Program Lending Locker Inventory Management	1	17	0.06
NAVPERS1131-1 - Training And Administration Of The Reserve (tar) Officer Candidate Service Agreement	1	17	0.06
OPNAV1001-2 - Request For Operational NAVY Support	4	69	0.06
NAVPERS1626-7 - Report  Disposition Of Offense(s)	6	104	0.06
NAVPERS1770-9 - PrimarySecondary Next Of Kin Information	7	126	0.06
NAVMC11381 - Class V(w) Expenditure Report	5	90	0.06
NAVMC10522 - Commuted Rations Action	2	36	0.06
OPNAV3502-1 - Evolution Orm Assessment Sheet	2	36	0.06
OPNAV3502-2 - Tailorable Evolution Orm Assessment Sheet	2	36	0.06
OPNAV5215-9 - Request For Clearance Of Proposed Directive	2	36	0.06
OPNAV5218-6 - Official Mail CenterUnit Mailroom Inspection Checklist	2	37	0.05
NAVMC10835 - USMC Fitness Report	16	297	0.05
NAVMC11151 - High School-Community College Visit Card- Enlisted Recruiting	3	56	0.05
NAVPERS1330-3 - Distribution Systems Request	4	75	0.05
NAVPERS1810-1 - NAVY Reserve Retirement Point Capture	1	19	0.05
OPNAV5400-1 - NAVY Organization Change Request (ocr)	8	160	0.05
NAVMCHQ811 - Headquarters Commitment Authorization	1	20	0.05
OPNAV5350-1 - Drug And Alcohol Abuse Statement Of Understanding	1	20	0.05
NAVMC11750 - Martial Arts Instructor Trainer Course (maitc) Command Screening Checklist	3	61	0.05
NAVMC11801 - Computation Of Azimuth And Distance From UTM Coordinates	2	41	0.05
NAVMC11804 - Conversion Of UTM Coordinates To Geographic Positions	2	41	0.05
NAVMCHQ910 - Mro Worksheet - USMC Fitness Report	2	42	0.05
NAVMC10572 - Mail Directory File Card	1	21	0.05
NAVMC11626 - Marine Corps Instructor Trainer Of Water Survival Certification Checkl	1	21	0.05
NAVMCHQ812 - Overtime-Compensatory Time Report	1	21	0.05
NAVMC11350 - Request For Reserve Active Duty Adt Adsw At For Memeber Irr	7	148	0.05
NAVMC11850 - Class V(w) Materiel Work Order	3	65	0.05
NAVMC11583 - Visiting Officers - Wonded Warriors	1	22	0.05
OPNAV5305-8 - Admiral Stan Arthur Awards For Logistics Excellence Nomination	1	22	0.05
OPNAV3750-64 - Wamhrs AtcRunwayShip	4	92	0.04
NAVMCHQ347 - Allotment Or Suballotment Authorization	3	69	0.04
OPNAV6420-1 - Submarine Embarkation Medical Information	2	47	0.04
NAVMC11334 - Selected Reserve Service Agreement-Standard Written Agreement To Train	1	24	0.04
NAVPERS1300-2 - Affiliation Processing And Summary Record	1	24	0.04
OPNAV5290-1 - Request For Audiovisual Services	3	75	0.04
NAVMC124 - Officer Selection Evaluation	1	25	0.04
NAVMCHQ888 - Sample Privacy Act Release	1	26	0.04
NAVMCHQ471 - Combat Camera Support Request	14	368	0.04
OPNAV5050-11 - Conference Request Form	7	188	0.04
NAVMC11802 - Computation Of Traverse	2	54	0.04
OPNAV3710-7 - Natops Evaluation Report	2	54	0.04
NAVMCHQ637 - Table Of Organization Change Authorization	3	84	0.04
NAVMC11036 -	1	28	0.04
OPNAV3591-1 - Small Arms Qualification Record	1	28	0.04
OPNAV5100-23 - Working Aloft Check Sheet (for Ships)	1	28	0.04
OPNAV1420-1 - Officer Programs Application	16	451	0.04
OPNAV4790-36A - Work Request Customer Service	2	57	0.04
NAVMC11867 - Unit Roles And Responsibilities	10	295	0.03
OPNAV5119-6 - Ashore Conus Monthly Postal Facility Inspection Checklist	6	178	0.03
OPNAV5239-15 - Opnav Classified Hard Drive Destruction Log	1	30	0.03
NAVPERS1070-601 - Immediate Reenlistment Contract	1	30	0.03
NAVPERS1300-31 - NAVY Reserve Definite Recall Gain Transaction Checklist	1	30	0.03
NAVMC11411 - Request For Legal Services	1	31	0.03
NAVPERS1000-1 - Pseudofolliculitis Barbae (pfb) Shaving WaiverEvaluationDisposition	1	31	0.03
OPNAV3750-67 - Wamhrs FactorsRecommendationCos Comments Material Factor	3	97	0.03
NAVMCHQ464 - Message Distribution Form	1	34	0.03
NAVPERS1616-23 - Fitness ReportEnlisted Evaluation Memorandum Entry	1	34	0.03
NAVPERS1640-35 - Escort Risk Assessment	1	34	0.03
NAVMC10683 - Request For Engineering Drawings	1	35	0.03
NAVMC11908 - Reserve Component Blended Retirement System (brs) Continuation Pay Statement Of Understanding (sou)	1	35	0.03
NAVMC11060 - Separation-Travel Pay Certificate	2	71	0.03
OPNAV5100-16 - NAVY Gas Free Certification  Test Log	2	71	0.03
NAVMC11643 - Field Feeding Evaluation Record	2	73	0.03
OPNAV7220-4 - Nuclear Power Training Unit Graduating Class Total Operational Submarine Service Worksheet	1	38	0.03
NAVMC11796 - Manifest For Hrst Operations	2	77	0.03
NAVPERS1080-3 - Individual Ready Reserve (irr) Annual Screening	1	39	0.03
OPNAV5354-4 - Command Climate Specialist Formal Harassment Or Prohibited Discrimination Complaint Higher Level Review	3	118	0.03
OPNAV1650-3 - Personal Award Recommendation	2	79	0.03
OPNAV4790-169 - Catapult Pre-Operational Data	2	79	0.03
NAVMC10359 - Equipment Custody Record	1	40	0.03
NAVMC11733 - Qualification-Certification	1	40	0.03
NAVMC604A - Transmittal Of Clothing Issue Slips	1	40	0.03
OPNAV3710-2 - Natop Instrument Rating Request	2	82	0.02
NAVPERS1070-622 - Agreement To Recall Or Extend Active Duty	1	41	0.02
NAVPERS12451-3 - Civilian Award Recommendation	1	42	0.02
NAVMC10560 - Worksheet For Preventive Maintenance And Technical Inspection For Engineer Equipment	10	422	0.02
NAVMC11718 - USMC Dodaac - Ric Request	2	86	0.02
OPNAV5200-8 - Center For Naval Analysis (cna) Field Program Annual Review	1	43	0.02
NAVPERS5354-2 - NAVY Equal Opportunity (eo) And Sexual Harassment Report	2	87	0.02
NAVMC6 - Cash Sales-Request For Checkage For Government Property	1	44	0.02
OPNAV12451-4 - Honorary Award Nomination	1	44	0.02
NAVPERS1300-16 - Report Of Suitability For Overseas Assignment	2	89	0.02
NAVPERS1130-11 - Application For NAVY Music Program	4	186	0.02
OPNAV4001-1 - NAVY Presentation Silver AgreementRequest Form	2	95	0.02
NAVPERS1301-85 - Officer Personnel Action Request	2	96	0.02
NAVMC11339 - Pilot Qualification	1	49	0.02
OPNAV7220-9 - Total Operational Submarine Service Worksheet	1	49	0.02
OPNAV5354-3 - Command Climate Specialist Formal Harassment Or Prohibited Discrimination Complaint Sufficiency Review	2	101	0.02
NAVPERS1300-29 - NAVY Reserve Definite Recall Application	2	102	0.02
NAVPERS1300-30 - NAVY Reserve Definite Pre-Reporting Checklist	1	51	0.02
NAVPERS1610-2 - Fitness Rpt  Counseling Record (e7-06)	2	106	0.02
NAVMC10576 - Memorandum Receipt For Individual Weapon  Accessories	1	53	0.02
NAVPERS1001-3 - Ready Reserve Screening Questionaire	1	54	0.02
NAVPERS1640-34 - Prisoner Transport Team (ptt) Mission Brief	1	54	0.02
OPNAV3750-59 - Wamhrs General Information	4	218	0.02
OPNAV5110-9 - Mail Manifest	2	110	0.02
OPNAV8000-10 - Maintenance Data System - Configuration Summary HarmAargm	2	112	0.02
OPNAV4790-2P - Maint - Planning  Estimating Form	10	568	0.02
OPNAV4440-4 - Operating Materials And Supplies Quarterly Oversight Report	2	116	0.02
OPNAV8000-5 - Maintenance Data System - Configuration Summary Sparrow	2	116	0.02
NAVMC11330 - Request For Government Air Transportation	1	58	0.02
OPNAV5720-15 - FA-18 Rider Letter And Medical Questionaire	1	58	0.02
NAVMC11642 - Garrison Mess Hall Evaluation Record	2	117	0.02
NAVPERS1300-33 - NAVY Reserve Definite Recall Pre-Screen	1	60	0.02
OPNAV8000-6 - Maintenance Data System - Configuration Summary Amraam	2	121	0.02
NAVMC11731 - Supervisor - Co-Worker Interview	2	122	0.02
OPNAV4790-28A - Scheduled Removal Component Card	1	61	0.02
NAVMC11738 - Marine Corps Martial Arts Mishap Report	1	62	0.02
OPNAV5522-2 - Periodic Automated External Defibullator (aed) Record For Year _____	1	63	0.02
OPNAV8000-8 - Fleet Confirguration Summary HarpoonSlamSlam Er Missile	2	128	0.02
OPNAV5210-81 - Opnav Records Management Program Self-Assessment	2	129	0.02
OPNAV4790-2K - Ships Maintenance Action Form (2-Kilo) (imf Ver)	11	738	0.01
NAVMC10573 - Biographical Data	2	138	0.01
OPNAV5580-1 - Incident Report	8	561	0.01
OPNAV5119-7 - Ashore Oconus Annual Postal Facility Inspection Checklist	6	433	0.01
NAVPERS1306-92 - Special Program Screening Form	1	75	0.01
NAVMC11118 - Reporting-Detaching Quarters  Mess Endorsement	1	77	0.01
NAVPERS1040-4 - Career Waypoints Application	1	84	0.01
NAVPERS1610-1 - FitrepEval Summary Ltr	3	276	0.01
NAVMC10939B - Jrotc Memorandum Receipt For Uniform Issue Female Cadet	2	196	0.01
NAVMC11008A - Kd Course Qualification-Requalification Line Scorecard - Permanent	1	99	0.01
NAVMC11009A - Kd Course Qualification-Requalification Pit Score Card - Permanent	1	99	0.01
OPNAV4790-22A - Inspection Record	1	106	0.01
NAVMCHQ820 - Service Call Log	1	109	0.01
OPNAV8020-7 - Ammunition And Explosives Qualification And Certification Self-Assessment	1	109	0.01
NAVMC10627 - Vehicle  Equipment Operational Record (11240) (admin  Tactical Motor Vehicles)	3	345	0.01
NAVMC11417 - Marine Corps Bachelor Housing Utilization Report	1	137	0.01
NAVMC10154 - Personal Effects Inventory	2	277	0.01
OPNAV5119-2 - Afloat Postal Assessment Checklist	1	178	0.01
OPNAV4790-21A - Monthly Flight Summary	3	604	0.00
NAVMC11537A - Reserve Reenlistment Extension Lateral Move (rrelm) Request	1	206	0.00
OPNAV3750-60 - Wamhrs Aircraft Information	1	237	0.00
NAVMC1330-1 - Commanding Officers Screening-Interview Guide For Sda	2	512	0.00
NAVMC11338 - Hmx-1 Applicant Screen-Interview	1	333	0.00
NAVMC631A - Indivdual Clothing Record (womens)	3	1308	0.00
NAVMC631 - Individual Clothing Record (mens)	2	1277	0.00
OPNAV8000-12 - Maintenance Data System - Confirguration Summary Harpoon (body)	1	867	0.00
OPNAV5585-3 - Detector Dog Training  Utilization Record	1	1520	0.00
