form	id	reason
NAVMC 10064 (EF)	9495	dynamic-xfa — Acrobat Print>Save-as-PDF flatten
NAVMC 10213 (EF)	7370	dynamic-xfa — Acrobat Print>Save-as-PDF flatten
NAVMC 10213A (EF)	12143	dynamic-xfa — Acrobat Print>Save-as-PDF flatten
NAVMC 10469 (EF)	9072	dynamic-xfa — Acrobat Print>Save-as-PDF flatten
NAVMC 10476 (EF)	9428	dynamic-xfa — Acrobat Print>Save-as-PDF flatten
NAVMC 10579 (EF)	11973	dynamic-xfa — Acrobat Print>Save-as-PDF flatten
NAVMC 10922 (EF)	6243	dynamic-xfa — Acrobat Print>Save-as-PDF flatten
NAVMC 10964 (EF)	6024	dynamic-xfa — Acrobat Print>Save-as-PDF flatten
NAVMC 11051 (EF)	5907	dynamic-xfa — Acrobat Print>Save-as-PDF flatten
NAVMC 11054 (EF)	8238	dynamic-xfa — Acrobat Print>Save-as-PDF flatten
NAVMC 11061 (EF)	8944	dynamic-xfa — Acrobat Print>Save-as-PDF flatten
NAVMC 11077 (EF)	8780	dynamic-xfa — Acrobat Print>Save-as-PDF flatten
NAVMC 11081 (EF)	8781	dynamic-xfa — Acrobat Print>Save-as-PDF flatten
NAVMC 11099 (EF)	8239	dynamic-xfa — Acrobat Print>Save-as-PDF flatten
NAVMC 11100 (EF)	8494	dynamic-xfa — Acrobat Print>Save-as-PDF flatten
NAVMC 11130 (EF)	8782	dynamic-xfa — Acrobat Print>Save-as-PDF flatten
NAVMC 11216 (EF)	6452	dynamic-xfa — Acrobat Print>Save-as-PDF flatten
NAVMC 11217 (EF)	6453	dynamic-xfa — Acrobat Print>Save-as-PDF flatten
NAVMC 11237 (EF)	8783	dynamic-xfa — Acrobat Print>Save-as-PDF flatten
NAVMC 11281 (EF)	6598	dynamic-xfa — Acrobat Print>Save-as-PDF flatten
NAVMC 11282 (EF)	8784	dynamic-xfa — Acrobat Print>Save-as-PDF flatten
NAVMC 11296 (EF)	12144	dynamic-xfa — Acrobat Print>Save-as-PDF flatten
NAVMC 11304 (EF)	7304	dynamic-xfa — Acrobat Print>Save-as-PDF flatten
NAVMC 11307 (EF)	7353	dynamic-xfa — Acrobat Print>Save-as-PDF flatten
NAVMC 11320 (EF)	12399	dynamic-xfa — Acrobat Print>Save-as-PDF flatten
NAVMC 11320A (EF)	12400	dynamic-xfa — Acrobat Print>Save-as-PDF flatten
NAVMC 11324 (EF)	6881	dynamic-xfa — Acrobat Print>Save-as-PDF flatten
NAVMC 11326 (EF)	8495	dynamic-xfa — Acrobat Print>Save-as-PDF flatten
NAVMC 11337 (EF)	7354	dynamic-xfa — Acrobat Print>Save-as-PDF flatten
NAVMC 11345 (EF)	11851	dynamic-xfa — Acrobat Print>Save-as-PDF flatten
NAVMC 11353(EF)	7355	dynamic-xfa — Acrobat Print>Save-as-PDF flatten
NAVMC 11361 (EF)	11036	dynamic-xfa — Acrobat Print>Save-as-PDF flatten
NAVMC 11379 (EF)	10432	dynamic-xfa — Acrobat Print>Save-as-PDF flatten
NAVMC 11402 (EF)	7356	dynamic-xfa — Acrobat Print>Save-as-PDF flatten
NAVMC 11404 (EF)	7358	dynamic-xfa — Acrobat Print>Save-as-PDF flatten
NAVMC 11432 (EF)	8870	dynamic-xfa — Acrobat Print>Save-as-PDF flatten
NAVMC 11501A (EF)	7371	dynamic-xfa — Acrobat Print>Save-as-PDF flatten
NAVMC 11509 (EF)	8786	dynamic-xfa — Acrobat Print>Save-as-PDF flatten
NAVMC 11517 (EF)	11308	dynamic-xfa — Acrobat Print>Save-as-PDF flatten
NAVMC 11533 (EF)	7131	dynamic-xfa — Acrobat Print>Save-as-PDF flatten
NAVMC 11536 (EF)	8973	dynamic-xfa — Acrobat Print>Save-as-PDF flatten
NAVMC 11537 (EF)	7372	dynamic-xfa — Acrobat Print>Save-as-PDF flatten
NAVMC 11652 (EF)	5282	dynamic-xfa — Acrobat Print>Save-as-PDF flatten
NAVMC 11669 (EF)	11104	dynamic-xfa — Acrobat Print>Save-as-PDF flatten
NAVMC 11676 (EF)	5794	dynamic-xfa — Acrobat Print>Save-as-PDF flatten
NAVMC 11685 (EF)	5994	dynamic-xfa — Acrobat Print>Save-as-PDF flatten
NAVMC 11720 (EF)	11700	dynamic-xfa — Acrobat Print>Save-as-PDF flatten
NAVMC 11732 (EF)	5806	dynamic-xfa — Acrobat Print>Save-as-PDF flatten
NAVMC 11737 (EF)	5247	dynamic-xfa — Acrobat Print>Save-as-PDF flatten
NAVMC 11756 (EF)	7928	dynamic-xfa — Acrobat Print>Save-as-PDF flatten
NAVMC 11758 (EF)	7929	dynamic-xfa — Acrobat Print>Save-as-PDF flatten
NAVMC 11762 (EF)	5493	dynamic-xfa — Acrobat Print>Save-as-PDF flatten
NAVMC 11764 (EF)	5495	dynamic-xfa — Acrobat Print>Save-as-PDF flatten
NAVMC 11766 (EF)	5497	dynamic-xfa — Acrobat Print>Save-as-PDF flatten
NAVMC 11778 (EF)	7373	dynamic-xfa — Acrobat Print>Save-as-PDF flatten
NAVMC 11779 (EF)	10284	dynamic-xfa — Acrobat Print>Save-as-PDF flatten
NAVMC 11782 (EF)	7478	dynamic-xfa — Acrobat Print>Save-as-PDF flatten
NAVMC 11783 (EF)	7479	dynamic-xfa — Acrobat Print>Save-as-PDF flatten
NAVMC 11784 (EF)	7480	dynamic-xfa — Acrobat Print>Save-as-PDF flatten
NAVMC 11785 (EF)	7481	dynamic-xfa — Acrobat Print>Save-as-PDF flatten
NAVMC 11791 (EF)	12163	dynamic-xfa — Acrobat Print>Save-as-PDF flatten
NAVMC 11792 (EF)	7482	dynamic-xfa — Acrobat Print>Save-as-PDF flatten
NAVMC 11793 (EF)	7483	dynamic-xfa — Acrobat Print>Save-as-PDF flatten
NAVMC 11794 (EF)	7484	dynamic-xfa — Acrobat Print>Save-as-PDF flatten
NAVMC 11799 (EF)	12401	dynamic-xfa — Acrobat Print>Save-as-PDF flatten
NAVMC 118(11)(EF)	10104	dynamic-xfa — Acrobat Print>Save-as-PDF flatten
NAVMC 11800 (EF)	7374	dynamic-xfa — Acrobat Print>Save-as-PDF flatten
NAVMC 11814 (EF)	8412	dynamic-xfa — Acrobat Print>Save-as-PDF flatten
NAVMC 11830 (EF)	8788	dynamic-xfa — Acrobat Print>Save-as-PDF flatten
NAVMC 11862 (EF)	8496	dynamic-xfa — Acrobat Print>Save-as-PDF flatten
NAVMC 11865 (EF)	7833	dynamic-xfa — Acrobat Print>Save-as-PDF flatten
NAVMC 11868 (EF)	7486	dynamic-xfa — Acrobat Print>Save-as-PDF flatten
NAVMC 11871 (EF)	7792	dynamic-xfa — Acrobat Print>Save-as-PDF flatten
NAVMC 11891 (EF)	7615	dynamic-xfa — Acrobat Print>Save-as-PDF flatten
NAVMC 11892 (EF)	7616	dynamic-xfa — Acrobat Print>Save-as-PDF flatten
NAVMC 1650/1 (EF)	12612	dynamic-xfa — Acrobat Print>Save-as-PDF flatten
NAVMC 1750/1 (EF)	10071	dynamic-xfa — Acrobat Print>Save-as-PDF flatten
NAVMC 1750/15 (EF)	15424	dynamic-xfa — Acrobat Print>Save-as-PDF flatten
NAVMC 1750/2(EF)	10072	dynamic-xfa — Acrobat Print>Save-as-PDF flatten
NAVMC 1750/3(EF)	10073	dynamic-xfa — Acrobat Print>Save-as-PDF flatten
NAVMC 1750/4 (EF)	11701	dynamic-xfa — Acrobat Print>Save-as-PDF flatten
NAVMC 1750/5 (EF)	11702	dynamic-xfa — Acrobat Print>Save-as-PDF flatten
NAVMC 1750/6 (EF)	9977	dynamic-xfa — Acrobat Print>Save-as-PDF flatten
NAVMC 321A (EF)	7369	dynamic-xfa — Acrobat Print>Save-as-PDF flatten
NAVMC 5527/1 (EF)	12057	dynamic-xfa — Acrobat Print>Save-as-PDF flatten
NAVMC 604 (EF)	10105	dynamic-xfa — Acrobat Print>Save-as-PDF flatten
NAVMC 604B (EF)	10106	dynamic-xfa — Acrobat Print>Save-as-PDF flatten
NAVMC HQ 944 (EF)	10107	dynamic-xfa — Acrobat Print>Save-as-PDF flatten
NAVMC HQ 952 (EF)	7583	dynamic-xfa — Acrobat Print>Save-as-PDF flatten
NAVMC HQ 972 (EF)	5502	dynamic-xfa — Acrobat Print>Save-as-PDF flatten
NAVMC HQ 988 (EF)	7109	dynamic-xfa — Acrobat Print>Save-as-PDF flatten
NAVMC HQ 990 (EF)	9669	dynamic-xfa — Acrobat Print>Save-as-PDF flatten
NAVPERS1040-3	12613	dynamic-xfa — Acrobat flatten
NAVPERS1070-615	6550	dynamic-xfa — Acrobat flatten
NAVPERS1070-856	9133	dynamic-xfa — Acrobat flatten
NAVPERS1120-1	15440	dynamic-xfa — Acrobat flatten
NAVPERS1132-1	12068	dynamic-xfa — Acrobat flatten
NAVPERS1200-2	5929	dynamic-xfa — Acrobat flatten
NAVPERS1221-2	9729	dynamic-xfa — Acrobat flatten
NAVPERS12300-24	15445	dynamic-xfa — Acrobat flatten
NAVPERS12430-1	10488	dynamic-xfa — Acrobat flatten
NAVPERS12600-1	11344	dynamic-xfa — Acrobat flatten
NAVPERS12600-2	11345	dynamic-xfa — Acrobat flatten
NAVPERS12600-4	11531	dynamic-xfa — Acrobat flatten
NAVPERS1300-18	9849	dynamic-xfa — Acrobat flatten
NAVPERS1300-24	13049	dynamic-xfa — Acrobat flatten
NAVPERS1300-27	11480	dynamic-xfa — Acrobat flatten
NAVPERS1300-28	14287	dynamic-xfa — Acrobat flatten
NAVPERS1306-100	11497	dynamic-xfa — Acrobat flatten
NAVPERS1306-7	11430	dynamic-xfa — Acrobat flatten
NAVPERS1306-93	5047	dynamic-xfa — Acrobat flatten
NAVPERS1306-94	12069	dynamic-xfa — Acrobat flatten
NAVPERS1306-99	12540	dynamic-xfa — Acrobat flatten
NAVPERS1331-5	15446	dynamic-xfa — Acrobat flatten
NAVPERS1400-2	11433	dynamic-xfa — Acrobat flatten
NAVPERS1400-5	9433	dynamic-xfa — Acrobat flatten
NAVPERS1640-33	6089	dynamic-xfa — Acrobat flatten
NAVPERS1650-80	10629	dynamic-xfa — Acrobat flatten
NAVPERS1730-1	15442	dynamic-xfa — Acrobat flatten
NAVPERS1730-2	15443	dynamic-xfa — Acrobat flatten
NAVPERS1730-3	15444	dynamic-xfa — Acrobat flatten
NAVPERS1800-14	12695	dynamic-xfa — Acrobat flatten
NAVPERS1910-31	15439	dynamic-xfa — Acrobat flatten
NAVPERS5211-16	11374	dynamic-xfa — Acrobat flatten
NAVPERS5239-9	15441	dynamic-xfa — Acrobat flatten
NAVPERS5357-1	13995	dynamic-xfa — Acrobat flatten
NAVPERS5357-2	13996	dynamic-xfa — Acrobat flatten
NAVPERS5357-3	13997	dynamic-xfa — Acrobat flatten
NAVPERS5357-4	13998	dynamic-xfa — Acrobat flatten
NAVPERS5357-5	13999	dynamic-xfa — Acrobat flatten
NAVPERS5357-6	14000	dynamic-xfa — Acrobat flatten
NAVPERS5602-7	9288	dynamic-xfa — Acrobat flatten
OPNAV1306-1	10619	dynamic-xfa — Acrobat flatten
OPNAV1752-2	9804	dynamic-xfa — Acrobat flatten
OPNAV3130-1	5715	dynamic-xfa — Acrobat flatten
OPNAV3130-17	5716	dynamic-xfa — Acrobat flatten
OPNAV3130-2	11443	dynamic-xfa — Acrobat flatten
OPNAV3722-18	5717	dynamic-xfa — Acrobat flatten
OPNAV3722-22	5095	dynamic-xfa — Acrobat flatten
OPNAV4400-4	13530	dynamic-xfa — Acrobat flatten
OPNAV4790-190	9112	dynamic-xfa — Acrobat flatten
OPNAV4790-25A	10321	dynamic-xfa — Acrobat flatten
OPNAV4790-80	12774	dynamic-xfa — Acrobat flatten
